Price,close,high,low,open,volume
Ticker,ENGI.PA,ENGI.PA,ENGI.PA,ENGI.PA,ENGI.PA
date,,,,,
2022-12-05 01:00:00,11.025156021118164,11.037374523887921,10.866322767566162,10.985447707730163,4112885
2022-12-06 01:00:00,11.069446563720703,11.090827851409347,10.990029936165458,11.0159926162536,3553588
2022-12-07 01:00:00,11.064864158630371,11.118318104723329,11.025155845873535,11.110681722674983,3459847
2022-12-08 01:00:00,10.913667678833008,11.043483265302244,10.913667678833008,11.014465595080132,4084720
2022-12-09 01:00:00,10.983919143676758,11.005300428365606,10.835776553194997,10.968647109575604,4502804
2022-12-12 01:00:00,10.991557121276855,11.046537471569966,10.928940388701355,10.945739555828014,3278050
2022-12-13 01:00:00,10.959485054016113,11.125953961889095,10.910613227557063,11.034319560370434,6120940
2022-12-14 01:00:00,10.954902648925781,11.009883725356511,10.889231657253235,10.967121151407367,7220566
2022-12-15 01:00:00,10.681527137756348,10.895340746867033,10.681527137756348,10.852578170693999,7375328
2022-12-16 01:00:00,10.608219146728516,10.704434937552962,10.570037965248536,10.649454589688345,11825499
2022-12-19 01:00:00,10.655564308166504,10.71207178924904,10.611273873539115,10.626546638099041,3972807
2022-12-20 01:00:00,10.304298400878906,10.391350680021636,9.891943238282666,10.308879793151483,11632922
2022-12-21 01:00:00,10.473821640014648,10.493675796492036,10.25084452645883,10.340951795991165,6130444
2022-12-22 01:00:00,10.395933151245117,10.556293538122585,10.344006334264673,10.52269374734165,4887727
2022-12-23 01:00:00,10.371496200561523,10.406623119872128,10.314988723066197,10.365387677721731,3059910
2022-12-27 01:00:00,10.39898681640625,10.487566952459508,10.373023409405217,10.444804379277057,1940583
2022-12-28 01:00:00,10.243207931518555,10.380659893235826,10.243207931518555,10.373023511308098,3304934
2022-12-29 01:00:00,10.333314895629883,10.333314895629883,10.188227284492399,10.264589645035564,3029220
2022-12-30 01:00:00,10.22335433959961,10.344006413382802,10.186701015165736,10.247790617467695,3032030
2023-01-02 01:00:00,10.351642608642578,10.351642608642578,10.24626330146219,10.318043546457401,3169475
2023-01-03 01:00:00,10.31498908996582,10.649454759441086,10.293607074529648,10.356224533582944,7563566
2023-01-04 01:00:00,10.114919662475586,10.351641663440994,9.98357695906845,10.316515473670044,8863663
2023-01-05 01:00:00,10.194336891174316,10.293606943800246,10.070629833648557,10.092011120567708,5212006
2023-01-06 01:00:00,9.885834693908691,10.186701322019303,9.742274196999174,10.160737912548399,9011964
2023-01-09 01:00:00,10.052303314208984,10.205028048311236,9.884307271889316,9.91790633470415,7813837
2023-01-10 01:00:00,10.046194076538086,10.095065900586075,9.968304584203933,10.052302599390677,6544594
2023-01-11 01:00:00,10.15462875366211,10.285971467173614,10.030921694006434,10.041612337650076,6570152
2023-01-12 01:00:00,10.252371788024902,10.328734153372295,10.19433717686601,10.217245595172034,6360895
2023-01-13 01:00:00,10.174483299255371,10.285971860514135,10.101175193472232,10.260008451675022,5278106
2023-01-16 01:00:00,10.075211524963379,10.221826265662473,10.04008460634571,10.19128146732971,4844072
2023-01-17 01:00:00,9.52387809753418,9.884307185140115,9.52387809753418,9.812526939429693,13434896
2023-01-18 01:00:00,9.568166732788086,9.61245716249903,9.491805103201443,9.493332233838817,5997264
2023-01-19 01:00:00,9.52387809753418,9.61856676186068,9.491806165822565,9.615512500244002,5212916
2023-01-20 01:00:00,9.56205940246582,9.591077072930199,9.488751296768228,9.577331438989146,5242225
2023-01-23 01:00:00,9.629256248474121,9.675073808445205,9.581912286123645,9.621620595350114,3968471
2023-01-24 01:00:00,9.898051261901855,9.898051261901855,9.679655553194582,9.690346196203333,6703375
2023-01-25 01:00:00,10.006485939025879,10.041612130775473,9.914851540434434,10.018703713188978,5381659
2023-01-26 01:00:00,9.982048988342285,10.084374751692284,9.890414595939133,10.04924783406943,5848081
2023-01-27 01:00:00,9.924015045166016,10.017176574422514,9.867506838369446,9.978995392978641,5186330
2023-01-30 01:00:00,9.905688285827637,9.953032981219287,9.838489433811633,9.9240153116725,3784922
2023-01-31 01:00:00,9.942341804504395,9.959140970423672,9.829325393935088,9.904160624082085,5761592
2023-02-01 01:00:00,10.043139457702637,10.061465753853678,9.924014527371032,9.9728863496798,5894306
2023-02-02 01:00:00,9.859869956970215,10.116446842419883,9.859869956970215,10.05077512627363,7742563
2023-02-03 01:00:00,10.00037670135498,10.00037670135498,9.818635034665848,9.901105920685207,5942379
2023-02-06 01:00:00,9.94997787475586,10.029394500322155,9.899578918396132,9.998849700354,3543359
2023-02-07 01:00:00,9.806417465209961,9.980522753579484,9.75907276999934,9.97746849203218,5743365
2023-02-08 01:00:00,9.997323036193848,10.032449230086193,9.817108489497011,9.841544039313815,5803035
2023-02-09 01:00:00,9.9881591796875,10.056885162522928,9.951505127976477,10.040085267447795,3998680
2023-02-10 01:00:00,10.084375381469727,10.084375381469727,9.948450550890248,9.965250445432556,5926140
2023-02-13 01:00:00,10.02634048461914,10.142410436045672,10.018704102378509,10.1042299813335,4558867
2023-02-14 01:00:00,10.11033821105957,10.18059132349408,10.050775742153434,10.069102767700779,5556114
2023-02-15 01:00:00,10.146991729736328,10.197390683224333,10.088956394630037,10.11644693150861,6068290
2023-02-16 01:00:00,10.212663650512695,10.287498886361718,10.145465525224571,10.186700970184033,5637716
2023-02-17 01:00:00,10.308878898620605,10.330260183861592,10.128664376451828,10.200444613545255,6209708
2023-02-20 01:00:00,10.380659103393555,10.415786020641098,10.301242485176925,10.318042378490569,5496119
2023-02-21 01:00:00,10.88159465789795,10.985446825381109,10.721234286441215,10.904503074321646,12268604
2023-02-22 01:00:00,10.757888793945312,10.921303433693112,10.686108552044283,10.90450353920196,8787512
2023-02-23 01:00:00,10.79759693145752,10.854104408682106,10.72887095212099,10.744142987392749,5188078
2023-02-24 01:00:00,10.705963134765625,10.825087346943294,10.692217501181114,10.776216248739885,6075052
2023-02-27 01:00:00,10.663199424743652,10.759415943183294,10.663199424743652,10.710544118598513,5178976
2023-02-28 01:00:00,10.56545639038086,10.725816038982755,10.56545639038086,10.611273224768414,9289534
2023-03-01 01:00:00,10.38676929473877,10.606692145370824,10.3623330178655,10.606692145370824,7056920
2023-03-02 01:00:00,10.510476112365723,10.530330269638247,10.298189633930855,10.344006471793291,6846569
2023-03-03 01:00:00,10.585309982299805,10.661671611626659,10.566982958222827,10.582254992790032,5029981
2023-03-06 01:00:00,10.695271492004395,10.725816291731022,10.641818274544166,10.660145300029235,6531998
2023-03-07 01:00:00,10.7410888671875,10.851050289922386,10.696799163247187,10.702907686138012,7591419
2023-03-08 01:00:00,10.793014526367188,10.793014526367188,10.692216620198273,10.728870669076215,3962284
2023-03-09 01:00:00,10.76705265045166,10.825087261169738,10.7090173114881,10.805233104589862,6158717
2023-03-10 01:00:00,10.768579483032227,10.815923448761318,10.690689989645648,10.69221712037943,6444543
2023-03-13 01:00:00,10.623491287231445,10.770106763393354,10.550183913273228,10.767052501883358,10887988
2023-03-14 01:00:00,10.745670318603516,10.786906489571235,10.57767428625223,10.603636965172303,8324557
2023-03-15 01:00:00,10.354697227478027,10.80065144589351,10.353169368494155,10.738034716146009,12937248
2023-03-16 01:00:00,10.519639015197754,10.585310734767695,10.412731852646054,10.486039954165147,10509973
2023-03-17 01:00:00,10.256954193115234,10.551711562429896,10.205028103666825,10.530330274318523,12989586
2023-03-20 01:00:00,10.359278678894043,10.44327669595021,10.03092153615958,10.201972560011653,7087933
2023-03-21 01:00:00,10.579201698303223,10.640291298645527,10.424950566675722,10.44022260263856,7313789
2023-03-22 01:00:00,10.602109909057617,10.689162915553643,10.577674360696697,10.615855542225416,5014727
2023-03-23 01:00:00,10.614328384399414,10.65403669929306,10.498258429649496,10.583783582807802,5231229
2023-03-24 01:00:00,10.365387916564941,10.55934735786118,10.334843116925805,10.550183845144891,7641172
2023-03-27 02:00:00,10.571565628051758,10.654036518122147,10.466186319238593,10.469240580872162,5411663
2023-03-28 02:00:00,10.63418197631836,10.650981871186254,10.573092376383894,10.61890994045748,3907749
2023-03-29 02:00:00,10.854104042053223,10.893812351962156,10.654035361857506,10.673889516811974,5472028
2023-03-30 02:00:00,11.116789817810059,11.147334616582244,10.890758452544974,10.906030487808342,6844317
2023-03-31 02:00:00,11.129009246826172,11.203843755164923,11.09388232477752,11.110682220387353,10450966
2023-04-03 02:00:00,11.202316284179688,11.258824492609266,11.129008908895885,11.14886306556082,4193844
2023-04-04 02:00:00,11.263405799865723,11.365730843982588,11.200789068778743,11.222170356064762,5929111
2023-04-05 02:00:00,11.397802352905273,11.439037795179482,11.261878252120926,11.283259538615297,6264902
2023-04-06 02:00:00,11.50471019744873,11.614671626131083,11.410021533310411,11.42223930799834,6274651
2023-04-11 02:00:00,11.607035636901855,11.67728875404326,11.452784496660378,11.590236469229154,5039192
2023-04-12 02:00:00,11.652853012084961,11.768922966008939,11.623835341542588,11.642162368016246,4270661
2023-04-13 02:00:00,11.611617088317871,11.691033714268588,11.509291316096038,11.669651698766451,3852918
2023-04-14 02:00:00,11.516927719116211,11.691033735514795,11.515400588344457,11.686451614954054,5370728
2023-04-17 02:00:00,11.617725372314453,11.686451353222541,11.523036712377053,11.567326416747918,4977745
2023-04-18 02:00:00,11.677288055419922,11.727687011913824,11.593290037345241,11.645216124604797,5234216
2023-04-19 02:00:00,11.790303230285645,11.84070218458884,11.669651166097829,11.683396798882166,5214636
2023-04-20 02:00:00,11.776557922363281,11.848338160488478,11.752122375521035,11.782667173196554,3826654
2023-04-21 02:00:00,11.816267013549805,11.881938733429877,11.787249344602374,11.805576370068694,4434598
2023-04-24 02:00:00,11.697141647338867,11.800994545091324,11.617725025393936,11.797939555461982,6257326
2023-04-25 02:00:00,11.77961254119873,11.79030318429738,11.616197905086926,11.680341763678818,6787935
2023-04-26 02:00:00,11.77808666229248,11.817794977520686,11.692561508413588,11.797940819906582,5665389
2023-04-27 02:00:00,11.765868186950684,11.863611838348318,11.738377648449072,11.765868186950684,6148014
2023-04-28 02:00:00,12.192557334899902,12.2261548710812,11.668435610265961,11.868341070698952,13356698
2023-05-02 02:00:00,12.066566467285156,12.254712825316265,12.058166883196558,12.2395934137511,6123238
2023-05-03 02:00:00,12.118642807006836,12.19087714677726,12.00945061802511,12.011130374620457,5487849
2023-05-04 02:00:00,12.273192405700684,12.303429628389333,12.098484892261954,12.153920868562437,6692409
2023-05-05 02:00:00,12.224474906921387,12.373984461058797,12.143840981660686,12.357185292739082,4681800
2023-05-08 02:00:00,12.323588371276855,12.395823517005987,12.221116002710852,12.289990833991519,2859315
2023-05-09 02:00:00,12.36894416809082,12.421020627712881,12.237913541251814,12.342066460495936,4945377
2023-05-10 02:00:00,12.337027549743652,12.41430196763067,12.242954763287367,12.367265574402527,5002698
2023-05-11 02:00:00,12.4210205078125,12.511733771355104,12.187517521607928,12.266471688062728,6345285
2023-05-12 02:00:00,12.488216400146484,12.6830825947694,12.45125934986771,12.499975498009206,4131071
2023-05-15 02:00:00,12.415980339050293,12.580608498008617,12.39078238849365,12.54701096359029,3332775
2023-05-16 02:00:00,12.439499855041504,12.585649095830613,12.415980859038122,12.447898638226526,4607513
2023-05-17 02:00:00,12.37230396270752,12.466377543486283,12.313508475363566,12.394142401010766,3913335
2023-05-18 02:00:00,12.177438735961914,12.43613968470965,12.158959810684058,12.400862391838837,4922493
2023-05-19 02:00:00,12.175758361816406,12.239593116666422,12.108563292795457,12.194236485128702,5246370
2023-05-22 02:00:00,12.122002601623535,12.217755138008652,11.997691799369253,12.170718748133266,4373254
2023-05-23 02:00:00,12.103523254394531,12.13880054557053,12.017849260803953,12.054807109584113,3527291
2023-05-24 02:00:00,11.969133377075195,12.061526398984139,11.871700284300651,12.053127615922183,5149514
2023-05-25 02:00:00,11.712113380432129,11.984253203942282,11.70371379548924,11.984253203942282,4086481
2023-05-26 02:00:00,11.671794891357422,11.757468887275147,11.434932386146075,11.70203291362752,4767670
2023-05-29 02:00:00,11.690274238586426,11.789387092084276,11.65835645854185,11.770908166524665,1820678
2023-05-30 02:00:00,11.809545516967773,11.853222393863426,11.69531325376383,11.72219176317647,4370758
2023-05-31 02:00:00,11.794426918029785,11.878421164319459,11.725552084648212,11.759149622958383,10476731
2023-06-01 02:00:00,11.833064079284668,11.880100470930946,11.740670251661228,11.826344251465855,3436198
2023-06-02 02:00:00,11.846503257751465,11.910338820175665,11.725551960905584,11.82298506128539,3514876
2023-06-05 02:00:00,11.824664115905762,11.885139360223569,11.784346752341596,11.875060019332526,3122528
2023-06-06 02:00:00,11.856582641601562,11.856582641601562,11.764188811122178,11.816265275499395,2993046
2023-06-07 02:00:00,11.871700286865234,11.937215600933214,11.802825459571746,11.885139140795696,3048904
2023-06-08 02:00:00,11.912017822265625,12.026249283872165,11.868340945587518,11.923776919753697,3834089
2023-06-09 02:00:00,11.950654983520508,12.009451273738422,11.922097517783545,11.960734324671337,2947648
2023-06-12 02:00:00,11.849862098693848,12.011130752344974,11.83474348783186,11.979212972944383,3384331
2023-06-13 02:00:00,11.893539428710938,11.957374989943755,11.742350110218155,11.880100573985207,3994424
2023-06-14 02:00:00,12.007770538330078,12.038008561335099,11.87842046402743,11.913697757019062,3779593
2023-06-15 02:00:00,11.947295188903809,12.007770433356715,11.885139386774938,11.962413799759924,3860264
2023-06-16 02:00:00,12.058167457580566,12.098484822303593,11.932176894363803,11.943935992236607,10231246
2023-06-19 02:00:00,11.901938438415527,12.058167019498665,11.834743367004037,12.058167019498665,3579148
2023-06-20 02:00:00,12.019530296325684,12.049767517948306,11.870020740741348,11.870020740741348,3174036
2023-06-21 02:00:00,11.969133377075195,11.994331328317921,11.863300700210267,11.91873667356132,2954678
2023-06-22 02:00:00,11.933856964111328,12.001052039726762,11.859942060522956,11.977533843364208,3110307
2023-06-23 02:00:00,11.853221893310547,12.019529809614367,11.831383455784943,11.927135988759971,2438866
2023-06-26 02:00:00,12.058167457580566,12.16063982505172,11.829703725864183,11.930497137671754,4224509
2023-06-27 02:00:00,12.071606636047363,12.100164903663854,11.945616069450056,12.085045490972805,3385413
2023-06-28 02:00:00,12.100164413452148,12.180798340766579,11.989292463009138,12.0682466336545,4170504
2023-06-29 02:00:00,12.600768089294434,12.716680112080986,12.034649232979694,12.034649232979694,9388368
2023-06-30 02:00:00,12.790594100952148,12.941783415953706,12.701560589035964,12.884667683916893,10326659
2023-07-03 02:00:00,12.906505584716797,13.061054406622688,12.851069611664215,12.867867978726112,4099068
2023-07-04 02:00:00,12.98546028137207,13.017378061221446,12.901466039554924,12.914905694986157,2963295
2023-07-05 02:00:00,12.846030235290527,13.05433528490676,12.832591380708811,12.977060869776308,3905349
2023-07-06 02:00:00,12.612526893615723,12.819152180974463,12.552051649112048,12.810752596701372,4790941
2023-07-07 02:00:00,12.6780424118042,12.70156060732213,12.446219168948005,12.602447754194587,3590648
2023-07-10 02:00:00,12.515093803405762,12.69988065234069,12.46973716975392,12.674682700540433,3548933
2023-07-11 02:00:00,12.530213356018066,12.669642771838445,12.530213356018066,12.563810892471844,3275991
2023-07-12 02:00:00,12.56549072265625,12.637725065991688,12.50669523377526,12.530213429327656,4496759
2023-07-13 02:00:00,12.66964340209961,12.713320281765109,12.589009470805033,12.619247495426185,3083462
2023-07-14 02:00:00,12.609167098999023,12.694841094410526,12.587328660993284,12.66124355909619,2057164
2023-07-17 02:00:00,12.582289695739746,12.689802138604136,12.562131813602608,12.641085988477599,2169523
2023-07-18 02:00:00,12.583969116210938,12.619246408048252,12.505014147443257,12.599087726704521,2182980
2023-07-19 02:00:00,12.646123886108398,12.720038782683295,12.594048228116195,12.600767254423106,2722593
2023-07-20 02:00:00,12.899786949157715,12.936744801959792,12.683083107763386,12.708281061198623,3595416
2023-07-21 02:00:00,12.987140655517578,13.039217119961323,12.899786896203619,12.956902630902325,3623559
2023-07-24 02:00:00,12.930024147033691,13.066094048116618,12.884667513339382,12.935063416987083,2236395
2023-07-25 02:00:00,12.911544799804688,12.911544799804688,12.770435633380476,12.906505530016002,2516224
2023-07-26 02:00:00,12.919944763183594,12.977060494274546,12.788914132489289,12.89306705479789,2833051
2023-07-27 02:00:00,12.862829208374023,12.980420986487037,12.8157928175402,12.950182963367384,4196865
2023-07-28 02:00:00,12.594048500061035,12.847709371249293,12.36558477909619,12.770435760880773,6461014
2023-07-31 02:00:00,12.52517318725586,12.696521182553097,12.503334748679876,12.58228891867879,5295188
2023-08-01 02:00:00,12.511734008789062,12.562130712284889,12.389102964815718,12.518453836264648,4274058
2023-08-02 02:00:00,12.293350219726562,12.419341584009317,12.242954314836233,12.419341584009317,4425976
2023-08-03 02:00:00,12.095124244689941,12.222795362848979,11.97585351186528,12.211036265232062,6220567
2023-08-04 02:00:00,12.127041816711426,12.195917445607277,12.071605842886454,12.111923206042228,4164163
2023-08-07 02:00:00,12.113602638244629,12.147200172965158,11.97921249936251,12.095123713788393,3103089
2023-08-08 02:00:00,12.123682975769043,12.249673541074909,12.058167657522018,12.086725924845776,4013934
2023-08-09 02:00:00,12.231195449829102,12.258073159478538,12.056487934022318,12.182478499675335,3308327
2023-08-10 02:00:00,12.293350219726562,12.355506023521665,12.234554730345023,12.24799358491388,3766175
2023-08-11 02:00:00,12.174079895019531,12.289991121000858,12.143841870448036,12.22951587288636,2851806
2023-08-14 02:00:00,12.217756271362305,12.221116585971144,12.116963654695908,12.177439705312855,2416744
2023-08-15 02:00:00,12.101844787597656,12.234555183566783,12.07160676292623,12.200957645385808,2186321
2023-08-16 02:00:00,12.182477951049805,12.21607548711281,12.017849784032542,12.048087806797781,2321406
2023-08-17 02:00:00,12.167359352111816,12.195917618256173,12.10184403657045,12.133761816015868,3190196
2023-08-18 02:00:00,12.253033638000488,12.274872077028439,12.137121615071955,12.179118736437777,4335169
2023-08-21 02:00:00,12.384063720703125,12.526852645342958,12.276551287041,12.279910800271558,3303933
2023-08-22 02:00:00,12.343746185302734,12.511733859909187,12.33702635790711,12.427739622091751,2429569
2023-08-23 02:00:00,12.300069808959961,12.547011660601347,12.300069808959961,12.3991826611542,2360895
2023-08-24 02:00:00,12.335347175598145,12.405902562937515,12.200957029656333,12.355505857695109,2824542
2023-08-25 02:00:00,12.42605972290039,12.437818819936476,12.293349341329995,12.31182826568459,2210177
2023-08-28 02:00:00,12.461338996887207,12.494936534609373,12.367265410648052,12.476457608502212,2137533
2023-08-29 02:00:00,12.62596607208252,12.657883852317187,12.496615995480246,12.496615995480246,3933479
2023-08-30 02:00:00,12.505014419555664,12.661243802854953,12.427740006742138,12.649484705319965,2839202
2023-08-31 02:00:00,12.506694793701172,12.607487400105612,12.484856355595456,12.488215868833741,5196649
2023-09-01 02:00:00,12.447898864746094,12.585649324856881,12.426060426010752,12.513414180952116,2133950
2023-09-04 02:00:00,12.392462730407715,12.530213188749263,12.392462730407715,12.466377630030703,2555408
2023-09-05 02:00:00,12.24631404876709,12.387424026852521,12.160640047676454,12.368945100844762,3610072
2023-09-06 02:00:00,12.182477951049805,12.244633753229165,12.034648952578268,12.23959368225407,4262508
2023-09-07 02:00:00,12.310149192810059,12.347106242543411,12.08672553568722,12.145521024133112,3125221
2023-09-08 02:00:00,12.454618453979492,12.454618453979492,12.256392752489226,12.375664284916155,2970801
2023-09-11 02:00:00,12.505014419555664,12.563810708259037,12.471416883594499,12.491575565376886,1899816
2023-09-12 02:00:00,12.499975204467773,12.590688471858082,12.444539229837202,12.52013388633861,2833995
2023-09-13 02:00:00,12.51341438293457,12.530213551938356,12.362225867042833,12.483177160373302,2499272
2023-09-14 02:00:00,12.721719741821289,12.772116449029086,12.515094443812055,12.540293197930195,3630861
2023-09-15 02:00:00,12.765396118164062,12.861149457572417,12.740198166067085,12.788914313591704,8470887
2023-09-18 02:00:00,12.67972183227539,12.849390068486407,12.644444539933877,12.765395828696523,3187789
2023-09-19 02:00:00,12.840991020202637,12.874588557315048,12.698201287217763,12.708280628454334,3134633
2023-09-20 02:00:00,12.740198135375977,12.884667621960922,12.721719210000865,12.87458828094072,3366830
2023-09-21 02:00:00,12.552051544189453,12.6998805414293,12.484856472623301,12.63100571322826,4103736
2023-09-22 02:00:00,12.563811302185059,12.592368768536396,12.340387637430027,12.410942225975253,2834352
2023-09-25 02:00:00,12.466378211975098,12.573890652622165,12.397503380103391,12.565491067971632,3312175
2023-09-26 02:00:00,12.384063720703125,12.49157535333682,12.335346773717898,12.41262118521972,3206498
2023-09-27 02:00:00,12.187518119812012,12.281590901131846,12.115282976131322,12.281590901131846,4982795
2023-09-28 02:00:00,12.085044860839844,12.236234173696158,12.051447324763824,12.130402295519495,4491368
2023-09-29 02:00:00,12.204316139221191,12.298389718885145,12.085044608283926,12.095123948998937,5941412
2023-10-02 02:00:00,11.99265193939209,12.394142619086438,11.948975062017102,12.263112787989927,4853729
2023-10-03 02:00:00,11.760828971862793,11.962414194732984,11.611320211927366,11.943936069971723,7031783
2023-10-04 02:00:00,11.78266716003418,12.071606133531438,11.71379233050848,11.754109694634966,5242179
2023-10-05 02:00:00,11.876740455627441,11.88177972550724,11.755789167199477,11.814584654272643,2904447
2023-10-06 02:00:00,11.870020866394043,11.932176668996675,11.65835630765286,11.905298159346165,3612474
2023-10-09 02:00:00,11.99265193939209,12.043048644451096,11.853222523947668,11.90193867131433,3173539
2023-10-10 02:00:00,12.237914085388184,12.266472351877407,12.105203696052325,12.105203696052325,4047287
2023-10-11 02:00:00,12.373984336853027,12.397502531441813,12.207676417093678,12.241273952367433,3898496
2023-10-12 02:00:00,12.330307960510254,12.44789893821889,12.293350109491717,12.431100570415566,3093897
2023-10-13 02:00:00,12.410941123962402,12.45461799900126,12.27991049884583,12.331986957783332,4349021
2023-10-16 02:00:00,12.437819480895996,12.486536429230144,12.301749578949645,12.431100454248838,3439721
2023-10-17 02:00:00,12.50837516784668,12.681402123587015,12.3941429007927,12.400862728629454,3544482
2023-10-18 02:00:00,12.36390495300293,12.483176483168304,12.321907833800251,12.409261585412727,2316339
2023-10-19 02:00:00,12.493255615234375,12.505014713045345,12.226155077920051,12.274872026875606,4161308
2023-10-20 02:00:00,12.337027549743652,12.486537115255457,12.320229181174385,12.320229181174385,5584799
2023-10-23 02:00:00,12.180798530578613,12.326947776434837,12.111923699902842,12.29839031055877,3922177
2023-10-24 02:00:00,12.375664710998535,12.415981274721752,12.127042296743944,12.128722053437187,4396878
2023-10-25 02:00:00,12.476457595825195,12.496616278643708,12.207677294320968,12.348786471993597,2878615
2023-10-26 02:00:00,12.511734008789062,12.521813349488228,12.360544699330012,12.414300916049417,3669117
2023-10-27 02:00:00,12.533573150634766,12.651164931376227,12.50669544127993,12.520134295957348,3097408
2023-10-30 01:00:00,12.587329864501953,12.79395516700675,12.56717118118024,12.56717118118024,3089975
2023-10-31 01:00:00,12.602448463439941,12.70828115025518,12.54869224164716,12.612527805090368,2899691
2023-11-01 01:00:00,12.8964262008667,12.96362127094604,12.55373102305069,12.565490120263153,5100174
2023-11-02 01:00:00,12.730118751525879,13.014018453744729,12.624286071684063,12.97706060311885,5382872
2023-11-03 01:00:00,12.728438377380371,12.800672716411334,12.605807335862819,12.709959452963886,4835588
2023-11-06 01:00:00,12.716680526733398,12.77715577461639,12.629326767880254,12.684762745534865,3579354
2023-11-07 01:00:00,12.852749824523926,13.160167722645307,12.736837803465566,12.7670758264845,6373509
2023-11-08 01:00:00,12.713319778442383,12.748597872951306,12.545332094467472,12.748597872951306,4913231
2023-11-09 01:00:00,12.856109619140625,12.889707156220625,12.693162004868281,12.839311251114859,3934677
2023-11-10 01:00:00,12.849390029907227,12.935063225042695,12.68812137836508,12.909865273592759,4356756
2023-11-13 01:00:00,12.869547843933105,12.93674371583302,12.7754750651244,12.842670135995885,2941636
2023-11-14 01:00:00,12.8964262008667,12.938423319923393,12.755316233288713,12.884667103654236,3429826
2023-11-15 01:00:00,12.866189002990723,12.963622101154042,12.814112539984238,12.886347685511199,3814269
2023-11-16 01:00:00,13.03417682647705,13.072814435220392,12.893067649401752,12.913225531106452,3608502
2023-11-17 01:00:00,13.10305118560791,13.160166913780868,13.014017679714806,13.03585611704815,3380515
2023-11-20 01:00:00,13.109770774841309,13.215603452933502,13.071133969222984,13.071133969222984,2045282
2023-11-21 01:00:00,13.049296379089355,13.123210481866305,13.029137696139829,13.08625343047783,2245936
2023-11-22 01:00:00,13.091293334960938,13.266000049231469,13.082893750334222,13.082893750334222,2824268
2023-11-23 01:00:00,13.20384407043457,13.260959799827315,13.13160892962452,13.143368026822191,2251376
2023-11-24 01:00:00,13.232402801513672,13.284479266105501,13.20552509135379,13.229043288000812,2146882
2023-11-27 01:00:00,13.301277160644531,13.301277160644531,13.19880399804055,13.264319311431914,2666102
2023-11-28 01:00:00,13.370152473449707,13.413829350632316,13.2911983033954,13.32143552526917,2407714
2023-11-29 01:00:00,13.331515312194824,13.403750458039529,13.297917774855735,13.39703063016032,2080326
2023-11-30 01:00:00,13.370152473449707,13.418868620601796,13.247521426212792,13.301277644362807,5817158
2023-12-01 01:00:00,13.477664947509766,13.477664947509766,13.380232647141845,13.42054921249214,2608612
2023-12-04 01:00:00,13.477664947509766,13.494464117177095,13.32647642564629,13.430628554086839,2590430
2023-12-05 01:00:00,13.430627822875977,13.52134109126101,13.38527118868346,13.397030286398984,3682017
2023-12-06 01:00:00,13.512941360473633,13.5549392819004,13.39535038459247,13.51966198913605,2792104
2023-12-07 01:00:00,13.5801362991333,13.674210680969864,13.528061440367315,13.554939148581958,3474143
2023-12-08 01:00:00,13.63557243347168,13.701088550200248,13.563338892181601,13.568377361116957,3474207
2023-12-11 01:00:00,13.546539306640625,13.712847225754174,13.546539306640625,13.691007986831192,2475088
2023-12-12 01:00:00,13.430627822875977,13.565017968783947,13.420548481830032,13.52638116229821,4020213
2023-12-13 01:00:00,13.573417663574219,13.575098221285925,13.45918619882891,13.491103978895959,3439587
2023-12-14 01:00:00,13.665810585021973,13.820359404039854,13.665810585021973,13.667489540565523,4915683
2023-12-15 01:00:00,13.6187744140625,13.879155110521538,13.581816564776444,13.638933095304273,10073166
2023-12-18 01:00:00,13.511262893676758,13.620454289223021,13.470945528471171,13.570058383744511,2579362
2023-12-19 01:00:00,13.479344367980957,13.591895270730204,13.470944783856007,13.511262146833026,2404901
2023-12-20 01:00:00,13.62381362915039,13.62381362915039,13.467585843539458,13.536459873003034,2739691
2023-12-21 01:00:00,13.643972396850586,13.672530663857593,13.561658711289043,13.568377738094126,2463065
2023-12-22 01:00:00,13.573417663574219,13.672530517141855,13.553258981318349,13.613735028085955,2525908
2023-12-27 01:00:00,13.581817626953125,13.585177140413348,13.506222966898749,13.556618872916012,1877970
2023-12-28 01:00:00,13.40542984008789,13.565017937731167,13.378552131379207,13.561658424399694,2075499
2023-12-29 01:00:00,13.370152473449707,13.449105842475564,13.34663427820191,13.418868620601796,2057867
2024-01-02 01:00:00,13.397029876708984,13.504541509530512,13.370152168760711,13.43902699627804,2445320
2024-01-03 01:00:00,13.30463695526123,13.400390292480587,13.193765007335001,13.371832026669342,5192935
2024-01-04 01:00:00,13.591896057128906,13.635572935871586,13.313037217507912,13.313037217507912,4181696
2024-01-05 01:00:00,13.72796630859375,13.72796630859375,13.46086497383084,13.548218728414957,3413645
2024-01-08 01:00:00,13.786761283874512,13.867396008815515,13.724606284598979,13.769962115835662,2504601
2024-01-09 01:00:00,13.900993347167969,13.900993347167969,13.731325907947259,13.761564732143157,3023004
2024-01-10 01:00:00,13.860677719116211,13.976588139808479,13.860677719116211,13.921152163979333,3126736
2024-01-11 01:00:00,13.674211502075195,13.912752979118004,13.67085038654677,13.912752979118004,3384755
2024-01-12 01:00:00,13.60197639465332,13.853957528369063,13.44238748886963,13.734685988473565,3930787
2024-01-15 01:00:00,13.497822761535645,13.75316499745445,13.497822761535645,13.628853392800785,4748073
2024-01-16 01:00:00,13.235762596130371,13.509582161356338,13.166886964622803,13.497823063494746,4478288
2024-01-17 01:00:00,13.04257583618164,13.146728758702338,12.877947669155736,13.146728758702338,5924448
2024-01-18 01:00:00,13.071134567260742,13.11817095921889,12.857789444683403,12.995539908168874,4161257
2024-01-19 01:00:00,13.062734603881836,13.190405722384153,13.029137067596244,13.145048287421577,4129003
2024-01-22 01:00:00,13.124890327453613,13.20720401049778,13.020737404875424,13.096332061319995,4364697
2024-01-23 01:00:00,12.851070404052734,13.18704577629094,12.787234843018933,13.160168066923273,5637989
2024-01-24 01:00:00,12.824191093444824,12.950182450943819,12.698200536974252,12.935063039468023,4799225
2024-01-25 01:00:00,12.736838340759277,12.822512342412793,12.631006457271244,12.80907348751362,5534952
2024-01-26 01:00:00,12.31182861328125,12.846029667789846,12.20095666608028,12.790593694189361,14336358
2024-01-29 01:00:00,12.348785400390625,12.42605981047022,12.182477483112482,12.347105643806263,7954141
2024-01-30 01:00:00,12.431099891662598,12.459657355677512,12.256392390287909,12.355505238104056,5941841
2024-01-31 01:00:00,12.439499855041504,12.499975099115865,12.31014898165088,12.4075820758531,7312827
2024-02-01 01:00:00,12.338706016540527,12.422700253691124,12.2883101150729,12.422700253691124,4902179
2024-02-02 01:00:00,12.308469772338867,12.468057874348911,12.269832163855893,12.454619019626845,4252806
2024-02-05 01:00:00,12.35550594329834,12.511734529089525,12.25975260318858,12.263112917580326,5305390
2024-02-06 01:00:00,12.283270835876465,12.407582443034869,12.21607576223712,12.384064247363945,5441581
2024-02-07 01:00:00,12.164000511169434,12.394143205582054,12.137122000189912,12.34878656939688,7258567
2024-02-08 01:00:00,12.085044860839844,12.197597367671534,12.053127882441803,12.128721737841515,6309143
2024-02-09 01:00:00,11.84314250946045,11.992651257414666,11.755788759677957,11.950654139091789,9442758
2024-02-12 01:00:00,11.996011734008789,12.085045247510363,11.80114633894438,11.885139781307643,7284358
2024-02-13 01:00:00,12.026248931884766,12.153920044908196,11.960733618785124,12.001050981009032,8573200
2024-02-14 01:00:00,12.074966430664062,12.179118553137588,12.011130871231037,12.027929238907465,6060546
2024-02-15 01:00:00,12.155599594116211,12.222794662657403,12.022889213593098,12.041368137801866,5477760
2024-02-16 01:00:00,12.029609680175781,12.211037027782625,11.982573286770801,12.18919858784053,6241371
2024-02-19 01:00:00,12.027929306030273,12.16063969563132,11.96745406061781,12.091764865819538,3252156
2024-02-20 01:00:00,12.13376235961914,12.184158265506623,11.960734600407562,11.999372209214547,5307826
2024-02-21 01:00:00,12.204316139221191,12.259752112639534,12.083364851669497,12.157279749903429,4965970
2024-02-22 01:00:00,12.392462730407715,12.58900867650139,12.331987486009591,12.431100337379428,9785162
2024-02-23 01:00:00,12.46469783782959,12.562130932275505,12.328627937550616,12.405902350245176,7025008
2024-02-26 01:00:00,12.30342960357666,12.459658190924001,12.226155188252177,12.456298677527254,6784978
2024-02-27 01:00:00,12.333666801452637,12.404221384231292,12.249672563929883,12.269831245017617,4697940
2024-02-28 01:00:00,12.46469783782959,12.488216032863356,12.300069671564792,12.424380474326883,7161389
2024-02-29 01:00:00,12.461338996887207,12.538613413751039,12.394143120414391,12.452939412199544,8121747
2024-03-01 01:00:00,12.343746185302734,12.567169832580738,12.284950699447581,12.535252054251249,4639927
2024-03-04 01:00:00,12.323588371276855,12.407582615004431,12.266472637994632,12.350466881722207,4441959
2024-03-05 01:00:00,12.589008331298828,12.624285622982766,12.38070329336665,12.40422148782261,7896318
2024-03-06 01:00:00,12.745237350463867,12.851070030205813,12.610847205478091,12.649484812727149,8061979
2024-03-07 01:00:00,12.822511672973633,12.946822476100799,12.624285970217244,12.71331948069016,5206231
2024-03-08 01:00:00,12.807393074035645,12.867868318495084,12.753636856167008,12.842670366722688,3721990
2024-03-11 01:00:00,12.790594100952148,12.884667683916893,12.706600660084526,12.800673442020816,5310766
2024-03-12 01:00:00,12.730118751525879,12.884667578611054,12.730118751525879,12.809072921728106,6300611
2024-03-13 01:00:00,12.703240394592285,12.849390440136133,12.703240394592285,12.767075954596672,6668612
2024-03-14 01:00:00,12.842670440673828,12.948503120372813,12.73011873434535,12.73011873434535,4902183
2024-03-15 01:00:00,12.918265342712402,13.008978612160355,12.829231829953713,12.829231829953713,9318126
2024-03-18 01:00:00,12.87122917175293,12.966981712908687,12.824191978505588,12.857789515951701,4397107
2024-03-19 01:00:00,12.916584968566895,12.938423406540299,12.820831632600017,12.876267605838015,3196077
2024-03-20 01:00:00,12.963621139526367,12.99553891764475,12.88802648619635,12.926664091665911,4297574
2024-03-21 01:00:00,12.8897066116333,13.069454188394053,12.85778883260155,13.002258316044594,4965272
2024-03-22 01:00:00,12.960262298583984,13.010658202732307,12.876268056965506,12.906506080071573,3541102
2024-03-25 01:00:00,13.032496452331543,13.05937496171189,12.914905477006405,12.94346294200175,3081439
2024-03-26 01:00:00,13.030816078186035,13.071133439831783,12.923303647816311,13.047615245881232,4536635
2024-03-27 01:00:00,13.131609916687012,13.150088842684534,12.998899523317572,13.061055328197618,4687003
2024-03-28 01:00:00,13.027457237243652,13.182006063488824,12.968660948305123,13.156807310645835,6950577
2024-04-02 02:00:00,13.08625316619873,13.107251326580476,12.96446239413336,12.977060969951019,5316993
2024-04-03 02:00:00,13.065255165100098,13.17444736267901,13.04845599576712,13.082053533404594,5145664
2024-04-04 02:00:00,13.09465217590332,13.166047039506855,13.035856688592798,13.098851968000991,3441151
2024-04-05 02:00:00,12.935063362121582,13.056854930639084,12.884667458687641,13.027457186797879,6176083
2024-04-08 02:00:00,13.073653221130371,13.157647461063641,12.951862454358412,12.960262038557426,4805327
2024-04-09 02:00:00,13.212244033813477,13.258440948947863,13.044256343818192,13.09045325895258,4781013
2024-04-10 02:00:00,13.178646087646484,13.296237867515385,13.023257779599206,13.271039915053644,5000161
2024-04-11 02:00:00,13.115650177001953,13.250040318391028,13.035856531194959,13.182845247696491,5150539
2024-04-12 02:00:00,13.338234901428223,13.367632645945386,13.161847633296782,13.20804454669716,5934971
2024-04-15 02:00:00,13.220643043518066,13.409629687185301,13.2164432513223,13.321435653131106,5191819
2024-04-16 02:00:00,13.19544506072998,13.300437462294978,13.132449779996673,13.166047316456334,5230544
2024-04-17 02:00:00,13.212244033813477,13.26684053370475,13.103052636087911,13.145048957815362,4749805
2024-04-18 02:00:00,13.287837982177734,13.401229967231036,13.229042494088665,13.283638190024451,4929937
2024-04-19 02:00:00,13.380231857299805,13.39703022494702,13.216443166825863,13.300437408147292,6102077
2024-04-22 02:00:00,13.418028831481934,13.426427614569542,13.254240145332915,13.422227822511523,4788176
2024-04-23 02:00:00,13.45162582397461,13.523021489302312,13.3760319685652,13.43062766431007,6116636
2024-04-24 02:00:00,13.510420799255371,13.510420799255371,13.363432085123645,13.455825906610347,4782876
2024-04-25 02:00:00,13.50622272491455,13.523021893971645,13.422228481686018,13.523021893971645,4741557
2024-04-26 02:00:00,13.523021697998047,13.6112149311843,13.481023775963939,13.523021697998047,6124533
2024-04-29 02:00:00,13.649012565612793,13.703609064451191,13.569218915046635,13.598616660100323,6983135
2024-04-30 02:00:00,13.665810585021973,13.766602387566738,13.619613674665283,13.728805061098248,9084262
2024-05-02 02:00:00,14.011139869689941,14.117040485001132,13.734876669481896,13.831569184752139,11504352
2024-05-03 02:00:00,13.988117218017578,14.163084289466097,13.937469594780577,14.011139663322115,4693159
2024-05-06 02:00:00,14.070996284484863,14.140061864062698,14.001930704907029,14.029556761094865,4344108
2024-05-07 02:00:00,14.232150077819824,14.259776134374222,14.084809938574365,14.089414427702849,6079040
2024-05-08 02:00:00,14.407116889953613,14.48078695823722,14.28740280943863,14.28740280943863,5630699
2024-05-09 02:00:00,14.448555946350098,14.49459995989259,14.361073286657529,14.379490365144617,3006035
2024-05-10 02:00:00,14.586688041687012,14.669567090731041,14.476182935700475,14.485391035870299,5151222
2024-05-13 02:00:00,14.462368965148926,14.572874067292316,14.411720464002022,14.572874067292316,5212739
2024-05-14 02:00:00,14.536039352416992,14.586687854676,14.439347715249617,14.457764793569662,4571489
2024-05-15 02:00:00,14.609709739685059,14.655753753810735,14.503809121947565,14.540644157604802,4766039
2024-05-16 02:00:00,14.531435012817383,14.572874537234547,14.453160453164577,14.554457458724983,4661691
2024-05-17 02:00:00,14.522226333618164,14.577478445160276,14.163084095728529,14.27358919702923,6481241
2024-05-20 02:00:00,14.38409423828125,14.568269406346882,14.370280771345149,14.549852328648557,3341845
2024-05-21 02:00:00,14.38409423828125,14.40711668317475,14.241358592807444,14.40711668317475,4826393
2024-05-22 02:00:00,14.439347267150879,14.439347267150879,14.33805026577643,14.434742778159634,3563155
2024-05-23 02:00:00,14.255171775817871,14.397908305458765,14.23215020818109,14.388699327117447,4427814
2024-05-24 02:00:00,14.236754417419434,14.268984962763797,14.112435846905608,14.181501426674458,3196905
2024-05-27 02:00:00,14.25977611541748,14.328842574036415,14.199919513259776,14.199919513259776,2743076
2024-05-28 02:00:00,14.250568389892578,14.301216015136573,14.190710907945322,14.296611525893207,3101728
2024-05-29 02:00:00,14.186105728149414,14.2551713070049,14.121644638313159,14.186105728149414,4385014
2024-05-30 02:00:00,14.14466667175293,14.204524152760829,14.089414558132649,14.14006218258182,3575643
2024-05-31 02:00:00,14.30582046508789,14.30582046508789,14.153875833340182,14.19531535820015,10309387
2024-06-03 02:00:00,14.301215171813965,14.411720272488886,14.24596306058474,14.37028074995873,3989780
2024-06-04 02:00:00,14.26438045501709,14.34725950191785,14.22294093156671,14.310424467541567,3935702
2024-06-05 02:00:00,14.282798767089844,14.411720951509965,14.236754753418436,14.333446391733528,3402576
2024-06-06 02:00:00,14.222941398620605,14.351864462279426,14.172293773575355,14.25977643420648,3711620
2024-06-07 02:00:00,13.813151359558105,14.16308463271956,13.647393262214125,14.112436130038564,10130427
2024-06-10 02:00:00,13.37113094329834,13.46321809213809,13.145515364832145,13.389548021779685,13256085
2024-06-11 02:00:00,13.117889404296875,13.440196623143258,12.87846123476622,13.421778666310198,10029135
2024-06-12 02:00:00,12.892274856567383,13.20076861147819,12.873856899514067,13.15932908632476,10208922
2024-06-13 02:00:00,12.551549911499023,12.873856239458316,12.468670865441453,12.864648139620297,13627903
2024-06-14 02:00:00,12.2200345993042,12.528527460025696,12.040463040198132,12.487088815234356,16954631
2024-06-17 02:00:00,12.160177230834961,12.247660766671494,12.035858660680386,12.201616754219819,9144956
2024-06-18 02:00:00,12.247660636901855,12.279891181811582,12.068089078064615,12.233847169847765,5607422
2024-06-19 02:00:00,12.16478157043457,12.312121705896386,12.11413306953839,12.2937046280719,6064763
2024-06-20 02:00:00,12.45946216583252,12.482484611483288,12.164781887234705,12.164781887234705,8575875
2024-06-21 02:00:00,12.639033317565918,12.685076450935467,12.46406624918232,12.491692304847344,21516332
2024-06-24 02:00:00,12.643637657165527,12.698890649897082,12.569967585667804,12.579176564159152,6804822
2024-06-25 02:00:00,12.592989921569824,12.689681560232279,12.505506383101519,12.639033935406642,6104410
2024-06-26 02:00:00,12.565363883972168,12.657451033571595,12.459462388518874,12.569967494968097,6165442
2024-06-27 02:00:00,12.353561401367188,12.55615452956591,12.279891332607015,12.53313208419305,5961921
2024-06-28 02:00:00,12.279891014099121,12.36737454781392,12.183198502474033,12.353561080948488,11015610
2024-07-01 02:00:00,12.643637657165527,13.108680532380227,12.588385542650498,12.979758346367475,11905617
2024-07-02 02:00:00,12.767955780029297,12.77716475819455,12.602198564137232,12.708099178388148,7342138
2024-07-03 02:00:00,12.873856544494629,12.975153549061364,12.744934361542793,12.800186474746006,6739143
2024-07-04 02:00:00,12.984362602233887,13.05342818324456,12.89227457540865,12.919900632169616,6243320
2024-07-05 02:00:00,13.15932846069336,13.186954516743384,12.998174857004656,13.011988324137912,6599654
2024-07-08 02:00:00,13.090263366699219,13.357317593659445,13.048823841979829,13.122493912988407,6292491
2024-07-09 02:00:00,12.98896598815918,13.163933060452695,12.933713875594433,13.048823468023565,6782229
2024-07-10 02:00:00,12.965944290161133,13.094867348539138,12.947527212230838,12.988965857128122,7683666
2024-07-11 02:00:00,13.0396146774292,13.140911682282525,12.929109572493623,13.058032634026716,6827192
2024-07-12 02:00:00,12.933713912963867,13.140911531221558,12.790978263839957,13.117889085739316,6271342
2024-07-15 02:00:00,12.800186157226562,12.915295748130458,12.689681055344801,12.864648125319952,7953904
2024-07-16 02:00:00,12.823208808898926,12.869252821645476,12.703494727044491,12.754143228887347,4022297
2024-07-17 02:00:00,12.869253158569336,12.929109761955381,12.74493458436387,12.77716513066532,4504031
2024-07-18 02:00:00,13.03040599822998,13.067241034054016,12.892274833443977,12.901483811954119,5200712
2024-07-19 02:00:00,13.081053733825684,13.108679789517643,12.896878565518497,12.910692032472715,6220609
2024-07-22 02:00:00,13.03501033782959,13.22839449323966,13.03501033782959,13.145515444032984,4937518
2024-07-23 02:00:00,13.085658073425293,13.104075150937526,12.970548484770326,13.02119698480778,3688158
2024-07-24 02:00:00,13.131702423095703,13.131702423095703,12.919900317837262,12.97054881918055,4283283
2024-07-25 02:00:00,13.131702423095703,13.209976980527836,13.01659283147295,13.081053921752416,4677987
2024-07-26 02:00:00,13.292856216430664,13.311273294680168,13.076449619037595,13.099472064620103,4609875
2024-07-29 02:00:00,13.27443790435791,13.357316949801703,13.251416337608624,13.297459471107196,2972722
2024-07-30 02:00:00,13.334294319152832,13.42177785237155,13.269833230579286,13.297459285937025,3946601
2024-07-31 02:00:00,13.389547348022461,13.435591359233674,13.329690748199411,13.426382381348139,5070913
2024-08-01 02:00:00,13.36652660369873,13.426383207203553,13.228394561568603,13.426383207203553,6106905
2024-08-02 02:00:00,13.739480972290039,13.969700156305333,13.550701311654818,13.550701311654818,10802717
2024-08-05 02:00:00,13.656601905822754,13.730271974344019,13.357317142678054,13.509261768780224,8768480
2024-08-06 02:00:00,13.698041915893555,13.748690419132869,13.546097284392136,13.615162866307958,5773373
2024-08-07 02:00:00,13.78552532196045,13.840777435674472,13.642788792063445,13.734876819208834,8837252
2024-08-08 02:00:00,13.942073822021484,14.0848094673632,13.85919477691453,13.89142532151913,7501176
2024-08-09 02:00:00,14.052578926086426,14.153875048898652,13.965095391984313,13.974304369935373,5293220
2024-08-12 02:00:00,14.121644973754883,14.204524021636745,14.020348847575107,14.075600960685346,5439005
2024-08-13 02:00:00,14.190710067749023,14.287402579701777,14.126248978591503,14.172292990082507,4489898
2024-08-14 02:00:00,14.186105728149414,14.30581980799995,14.149270694212056,14.241358718163692,5293324
2024-08-15 02:00:00,14.199919700622559,14.361073309165596,14.186106233073208,14.218336779138511,4645194
2024-08-16 02:00:00,14.333446502685547,14.333446502685547,14.167689281688512,14.232150374397552,5879789
2024-08-19 02:00:00,14.30582046508789,14.39330400403855,14.245963861521561,14.361073457640023,4548219
2024-08-20 02:00:00,14.250568389892578,14.342655540110359,14.190710907945322,14.333446561623623,4858293
2024-08-21 02:00:00,14.255171775817871,14.30121578930795,14.135458570246785,14.227545719010429,4061421
2024-08-22 02:00:00,14.25977611541748,14.338050674064638,14.25517162629512,14.273589582784568,2591450
2024-08-23 02:00:00,14.282798767089844,14.30582033481729,14.218336796663268,14.25517183195709,3599841
2024-08-26 02:00:00,14.351863861083984,14.388698895126849,14.236754269922969,14.241358758955387,3592874
2024-08-27 02:00:00,14.420929908752441,14.485391000868029,14.365677795000943,14.416325419570398,2945400
2024-08-28 02:00:00,14.48078727722168,14.50841333388246,14.434743263976042,14.457764831490607,3509051
2024-08-29 02:00:00,14.522226333618164,14.618917967925098,14.448555387867886,14.448555387867886,4177242
2024-08-30 02:00:00,14.669567108154297,14.669567108154297,14.540644045241956,14.540644045241956,7769398
2024-09-02 02:00:00,14.623522758483887,14.697192827536883,14.600500313019515,14.641939836638887,3089182
2024-09-03 02:00:00,14.47618293762207,14.678775192849354,14.351864364039521,14.628127568150791,5425881
2024-09-04 02:00:00,14.545248031616211,14.545248031616211,14.356468372080647,14.356468372080647,5125520
2024-09-05 02:00:00,14.7616548538208,14.922807581613373,14.540643767588913,14.549852745810345,8658437
2024-09-06 02:00:00,14.83992862701416,14.84913760529328,14.711006443972503,14.715610054895556,5721533
2024-09-09 02:00:00,14.715609550476074,14.81690655164114,14.618917916509213,14.757049073095152,6005233
2024-09-10 02:00:00,14.701797485351562,14.844534014219263,14.641940004673751,14.669566939548051,4712128
2024-09-11 02:00:00,14.757049560546875,14.76625853881452,14.572874386276498,14.687983979972547,6114261
2024-09-12 02:00:00,14.600500106811523,14.839928266960486,14.568269561833104,14.78927976587069,4131559
2024-09-13 02:00:00,14.605104446411133,14.651148458001996,14.517621790426611,14.605104446411133,4017865
2024-09-16 02:00:00,14.706401824951172,14.724818903130254,14.559061686652532,14.559061686652532,3426520
2024-09-17 02:00:00,14.757049560546875,14.86295017597528,14.747840582279231,14.816907041070063,4266404
2024-09-18 02:00:00,14.664961814880371,14.849136981645078,14.651148348041843,14.7938848707239,4089872
2024-09-19 02:00:00,14.338050842285156,14.697193094094523,14.190710701506907,14.687984115741754,6975736
2024-09-20 02:00:00,14.545248031616211,14.59589653283382,14.324237827020891,14.33344592688333,11599558
2024-09-23 02:00:00,14.545248031616211,14.60510463269626,14.42092946220016,14.476182452457234,5165460
2024-09-24 02:00:00,14.536039352416992,14.628127378666735,14.305820165009143,14.554457308953543,3289922
2024-09-25 02:00:00,14.545248031616211,14.545248031616211,14.365677350159574,14.430138440279087,3584313
2024-09-26 02:00:00,14.342655181884766,14.572874369003996,14.319633614459443,14.531434845065213,4720562
2024-09-27 02:00:00,14.393303871154785,14.448555984980288,14.268985297722631,14.273589786910842,4471169
2024-09-30 02:00:00,14.287403106689453,14.31963365245703,14.121645010494483,14.31963365245703,8823080
2024-10-01 02:00:00,14.38409423828125,14.402512194196051,14.186105603279517,14.264380159484471,5445729
2024-10-02 02:00:00,14.250568389892578,14.420930100814562,14.149271382971536,14.3656779863272,4266916
2024-10-03 02:00:00,14.130853652954102,14.41632494715395,14.061788073919717,14.273589300054025,6458359
2024-10-04 02:00:00,14.199919700622559,14.3933038552309,14.09401908406041,14.15848017619102,7264967
2024-10-07 02:00:00,14.112436294555664,14.22294140133437,14.011140166229312,14.20912881187236,4667859
2024-10-08 02:00:00,14.117040634155273,14.144666691003012,14.057184031282423,14.094019066484911,3817246
2024-10-09 02:00:00,14.172293663024902,14.241359244432608,14.121645160158211,14.135458627726358,3949935
2024-10-10 02:00:00,14.333446502685547,14.37949051671337,14.172293770912948,14.172293770912948,6323841
2024-10-11 02:00:00,14.55445671081543,14.55445671081543,14.31042406603407,14.319633043923888,5251294
2024-10-14 02:00:00,14.660357475280762,14.660357475280762,14.513017340368027,14.582082918831311,3938863
2024-10-15 02:00:00,14.812301635742188,14.908995029088043,14.70179740967979,14.715609998829338,5883718
2024-10-16 02:00:00,14.862950325012207,14.885973649128688,14.73863175180192,14.816907189645299,4035470
2024-10-17 02:00:00,14.757049560546875,14.922807656498467,14.757049560546875,14.890577110778214,4264799
2024-10-18 02:00:00,14.669567108154297,14.715610243707653,14.600500648391229,14.669567108154297,4858773
2024-10-21 02:00:00,14.577478408813477,14.66956643210936,14.508412830449803,14.641939498190709,3659146
2024-10-22 02:00:00,14.42553424835205,14.549852820328603,14.292007576323408,14.549852820328603,5094743
2024-10-23 02:00:00,14.503808975219727,14.62812754863643,14.425534415462895,14.439347883025812,4680302
2024-10-24 02:00:00,14.503808975219727,14.623523059448791,14.480787407498047,14.554457478067238,3016138
2024-10-25 02:00:00,14.411720275878906,14.48999483198578,14.347259186690824,14.448555309445878,3177961
2024-10-28 01:00:00,14.494599342346191,14.53834154854534,14.42553376408327,14.42553376408327,4144942
2024-10-29 01:00:00,14.347259521484375,14.572874217123859,14.324237954298987,14.513017615511952,4499810
2024-10-30 01:00:00,14.287403106689453,14.338050730802857,14.213733036873135,14.273589639267705,5332117
2024-10-31 01:00:00,14.19531536102295,14.241359375122794,14.080205764881596,14.21833692896461,7722540
2024-11-01 01:00:00,14.199919700622559,14.31502929555094,14.135458608491948,14.15848017619102,3479787
2024-11-04 01:00:00,14.130853652954102,14.209128210050798,14.084809640859017,14.158479708924558,4241664
2024-11-05 01:00:00,14.061788558959961,14.213733189363301,14.061788558959961,14.130854140376659,3339142
2024-11-06 01:00:00,13.951282501220703,14.057183995598475,13.569118682633817,13.757898347344417,10618493
2024-11-07 01:00:00,14.038765907287598,14.190710535464358,13.886821279110837,13.886821279110837,7503275
2024-11-08 01:00:00,13.983513832092285,14.084809958412084,13.923656351554197,14.02034886695553,4484722
2024-11-11 01:00:00,14.135457992553711,14.213732548822938,14.047974458319523,14.070996025015452,4811442
2024-11-12 01:00:00,14.011139869689941,14.181501576370291,13.942074289192055,14.098623406702732,6434770
2024-11-13 01:00:00,14.006535530090332,14.112436146532083,13.919051992143597,13.97430498406167,4497042
2024-11-14 01:00:00,14.094018936157227,14.117040503614708,14.001930909894291,14.066392001348444,5668829
2024-11-15 01:00:00,14.181501388549805,14.292007369742679,14.057183696586682,14.061788185654425,6415272
2024-11-18 01:00:00,14.241358757019043,14.324237803158343,14.130853654905472,14.25056773508263,3567649
2024-11-19 01:00:00,14.21833610534668,14.347259161714886,14.057183382657012,14.250567528101085,4513535
2024-11-20 01:00:00,14.227545738220215,14.32884274367846,14.140062200292599,14.273589751772462,3074811
2024-11-21 01:00:00,14.245963096618652,14.28279813027013,14.103226572779759,14.222940651701181,3829319
2024-11-22 01:00:00,14.172293663024902,14.33344639357071,14.112436181779445,14.268985301352387,4898829
2024-11-25 01:00:00,13.974305152893066,14.273589927339131,13.849986578237825,14.172293798851447,8328769
2024-11-26 01:00:00,13.799337387084961,14.015743979191027,13.780920309285401,13.942073911559827,5433987
2024-11-27 01:00:00,13.693436622619629,13.748689611837857,13.39415186641344,13.734876144979182,6222018
2024-11-28 01:00:00,13.886820793151855,13.978908815946463,13.70725011474049,13.70725011474049,5654615
2024-11-29 01:00:00,13.891426086425781,13.891426086425781,13.693437440705377,13.753294922452557,4913298
2024-12-02 01:00:00,13.776315689086914,13.905238745321993,13.564513588001889,13.615162088347184,8644576
2024-12-03 01:00:00,13.762502670288086,13.86840416338679,13.739481102954215,13.76710715939816,5319755
2024-12-04 01:00:00,13.817755699157715,13.914447336084038,13.68883263837278,13.68883263837278,3832408
2024-12-05 01:00:00,14.057184219360352,14.130854290750996,13.822360537471479,13.863800062405781,6763968
2024-12-06 01:00:00,14.043370246887207,14.19531487344618,14.03416126874024,14.117040315629952,4120105
2024-12-09 01:00:00,14.075600624084473,14.153875180965892,14.00653504524004,14.075600624084473,3874339
2024-12-10 01:00:00,13.955886840820312,14.09401887966101,13.905239216973573,14.061788334063131,4422488
2024-12-11 01:00:00,13.992721557617188,14.015744002675815,13.928260467885998,13.928260467885998,3939054
2024-12-12 01:00:00,13.89603042602539,14.02955709933286,13.89603042602539,13.965096007268324,4489427
2024-12-13 01:00:00,14.02034854888916,14.094018616944366,13.822359911659609,13.82696440069012,5838281
2024-12-16 01:00:00,13.757898330688477,13.997326497715255,13.592141112006983,13.974304930131204,8177309
2024-12-17 01:00:00,13.698041915893555,13.721063483793321,13.578327830738418,13.661206880324015,5273050
2024-12-18 01:00:00,13.665810585021973,13.72566718505504,13.587536029153211,13.656601607104125,4626396
2024-12-19 01:00:00,13.647393226623535,13.670415672426,13.527679143100249,13.5599105672237,4766291
2024-12-20 01:00:00,13.73027229309082,13.734876782257352,13.54609711751205,13.596745620127402,9885966
2024-12-23 01:00:00,13.799337387084961,13.86379935492462,13.702645752650191,13.730271808457772,3766464
2024-12-24 01:00:00,13.762502670288086,13.905239198050884,13.762502670288086,13.849986206946495,1765411
2024-12-27 01:00:00,13.942073822021484,13.942073822021484,13.711854642598375,13.753294165151853,3064727
2024-12-30 01:00:00,14.029557228088379,14.029557228088379,13.928261099883537,13.988117703319007,2875506
2024-12-31 01:00:00,14.098623275756836,14.195314911912517,13.997326272298698,14.01113973955658,2910980
2025-01-02 01:00:00,14.296610832214355,14.379489878140593,14.181501241364911,14.209128175484645,5136039
2025-01-03 01:00:00,14.38409423828125,14.434742738830478,14.25977567050577,14.324237637991098,4735318
2025-01-06 01:00:00,14.407116889953613,14.4531600239685,14.241358797207255,14.379489955684894,4741944
2025-01-07 01:00:00,14.47618293762207,14.609709611375665,14.292007760953396,14.411720967125648,5936166
2025-01-08 01:00:00,14.471578598022461,14.485391187530071,14.310424987440316,14.457765130298325,4821753
2025-01-09 01:00:00,14.531435012817383,14.60510508328867,14.420929907110452,14.425534396291972,3234607
2025-01-10 01:00:00,14.402512550354004,14.5452481993575,14.328842481305973,14.508413164833486,6265725
2025-01-13 01:00:00,14.545248031616211,14.66956660103226,14.356468372080647,14.388698917140404,5312730
2025-01-14 01:00:00,14.47618293762207,14.632732057344572,14.462369470040725,14.591292532817056,4048206
2025-01-15 01:00:00,14.55445671081543,14.572873788378597,14.41172018817266,14.494599232748083,5441466
2025-01-16 01:00:00,14.582083702087402,14.600500780832503,14.38869954507296,14.476183084207632,4822910
2025-01-17 01:00:00,14.807698249816895,14.899786277223365,14.669567086923704,14.715610222410424,8221145
2025-01-20 01:00:00,14.54985237121582,14.784676040517683,14.485390403541903,14.780070673309035,7009688
2025-01-21 01:00:00,14.453160285949707,14.545248312081666,14.292007557543531,14.480787220719197,5874964
2025-01-22 01:00:00,14.296610832214355,14.466973413086784,14.213732664504601,14.430138379143623,7031250
2025-01-23 01:00:00,14.273589134216309,14.31963314577643,14.227545122656187,14.282798112171628,4392452
2025-01-24 01:00:00,14.273589134216309,14.31963314577643,14.167688522379562,14.26898464523865,3936959
2025-01-27 01:00:00,14.190710067749023,14.563664892214847,14.190710067749023,14.319633124280537,7679330
2025-01-28 01:00:00,14.273589134216309,14.45776430224032,14.158479544424242,14.245963078566826,6084069
2025-01-29 01:00:00,14.338050842285156,14.338050842285156,14.1124361419414,14.268985261072416,4762822
2025-01-30 01:00:00,14.43013858795166,14.480787089687587,14.28740293913354,14.3288424626963,4206571
2025-01-31 01:00:00,14.655753135681152,14.71560973676842,14.466973476122824,14.513017488306524,5781644
2025-02-03 01:00:00,14.660357475280762,14.701796998002028,14.563664962858981,14.632731419538743,5249227
2025-02-04 01:00:00,14.862950325012207,14.862950325012207,14.63273201352812,14.655753581211576,6280609
2025-02-05 01:00:00,14.858345985412598,14.876763941229378,14.761654352023918,14.872158574058712,3606516
2025-02-06 01:00:00,14.499204635620117,14.922807984871534,14.499204635620117,14.816907367112812,7807582
2025-02-07 01:00:00,14.59589672088623,14.68798386821248,14.503808695343482,14.59589672088623,5504242
2025-02-10 01:00:00,14.697193145751953,14.711006613329658,14.591292528972433,14.591292528972433,5180742
2025-02-11 01:00:00,14.697193145751953,14.932016825273834,14.674171578005629,14.757049748822308,4973345
2025-02-12 01:00:00,14.513017654418945,14.798488952435637,14.499204187140784,14.734027861570544,5317475
2025-02-13 01:00:00,14.365677833557129,14.540644031861824,14.236754770763422,14.425534436651324,6769767
2025-02-14 01:00:00,14.319633483886719,14.397908041922175,14.245963414937641,14.356468518361257,7025881
2025-02-17 01:00:00,14.356468200683594,14.411720312064544,14.213732555030251,14.273589155395692,4000195
2025-02-18 01:00:00,14.328842163085938,14.402512230497878,14.255171217457521,14.351863729820991,5184974
2025-02-19 01:00:00,14.582083702087402,14.582083702087402,14.342655530885422,14.351864509366235,6223127
2025-02-20 01:00:00,14.660357475280762,14.692588020015863,14.540643396110045,14.600499996587164,4112458
2025-02-21 01:00:00,14.784676551818848,14.789280162753748,14.614313966082745,14.628127433536973,6579168
2025-02-24 01:00:00,15.07935619354248,15.106983127281623,14.872158581581264,14.890576537407359,7330276
2025-02-25 01:00:00,15.162235260009766,15.25432328283899,15.047125670581469,15.09316880377961,6609276
2025-02-26 01:00:00,15.212883949279785,15.304971973252432,15.120795925307139,15.139213881388262,7683179
2025-02-27 01:00:00,16.01404571533203,16.244264897008147,15.65490435397584,15.70555285497386,18175912
2025-02-28 01:00:00,15.875914573669434,16.15217864581996,15.797640894908215,16.1153427336267,10092248
2025-03-03 01:00:00,15.774618148803711,16.014046317522254,15.765410926851448,15.889727743970335,7529787
2025-03-04 01:00:00,15.862102508544922,15.917354622226142,15.733178568044709,15.797641416511327,6054800
2025-03-05 01:00:00,15.562816619873047,15.80685015136922,15.562816619873047,15.765410627638397,8371994
2025-03-06 01:00:00,15.456915855407715,15.687135039142037,15.341806263540555,15.604255992483044,8027227
2025-03-07 01:00:00,15.558213233947754,15.613465347576767,15.42928929356936,15.608861736621442,7044418
2025-03-10 01:00:00,15.719366073608398,15.820663079662879,15.50756483952452,15.567422320959716,6896104
2025-03-11 01:00:00,15.696344375610352,15.926563564600569,15.595047370396088,15.765410834880624,7582413
2025-03-12 01:00:00,15.839080810546875,15.908145512971839,15.641092168682563,15.641092168682563,6410544
2025-03-13 01:00:00,15.940376281738281,16.009442741562534,15.839081032144556,15.875915189333265,5885080
2025-03-14 01:00:00,15.87131118774414,15.94958486761443,15.797641118746755,15.908145344026337,4432931
2025-03-17 01:00:00,15.816057205200195,16.009442232701524,15.793035638134864,15.843684139538379,5790529
2025-03-18 01:00:00,15.89893627166748,16.05088177606807,15.82066259226086,15.889727293543235,7237974
2025-03-19 01:00:00,15.912751197814941,16.00483746955218,15.857497327052943,15.949585355223228,4794377
2025-03-20 01:00:00,16.152179718017578,16.152179718017578,15.898937195960867,15.944982089258943,8008189
2025-03-21 01:00:00,16.161386489868164,16.239661928077016,16.12455233268926,16.17059546827115,10614084
2025-03-24 01:00:00,16.147573471069336,16.258079452533448,16.101530336711868,16.207430950880436,5262159
2025-03-25 01:00:00,16.317935943603516,16.359375469047993,16.18441014511182,16.193617367270086,5809793
2025-03-26 01:00:00,16.400814056396484,16.419232012525683,16.290309832487228,16.382397856700255,5282143
2025-03-27 01:00:00,16.502111434936523,16.57117789377931,16.350165928055596,16.359374906330167,6384021
2025-03-28 01:00:00,16.631032943725586,16.649450899528105,16.460671243634646,16.52513233251052,5227544
2025-03-31 02:00:00,16.60801124572754,16.71851722323499,16.515923223876815,16.663263356264803,6802717
2025-04-01 02:00:00,16.732330322265625,16.732330322265625,16.56196861832544,16.61722073054845,7759867
2025-04-02 02:00:00,16.976362228393555,17.114493388255816,16.884274203007717,16.884274203007717,6738714
2025-04-03 02:00:00,17.422988891601562,17.492055353244606,16.99017743374666,17.045429549201245,9156824
2025-04-04 02:00:00,16.990177154541016,17.395361669793544,16.934923283561357,17.312482619757105,12985241
2025-04-07 02:00:00,16.083112716674805,16.580385252578214,15.95419053263189,16.41462891156576,16955647
2025-04-08 02:00:00,16.37318992614746,16.465276199818945,16.060091677651783,16.42844204163697,10794100
2025-04-09 02:00:00,16.12455177307129,16.198221841305344,15.921959524535882,16.11534279498791,9350422
2025-04-10 02:00:00,16.543550491333008,16.73233014954314,16.271891787427407,16.617220559014207,8879467
2025-04-11 02:00:00,16.631032943725586,16.84283592258866,16.61722035509017,16.68628681113314,6656911
2025-04-14 02:00:00,16.649452209472656,16.852044469941074,16.59420009415092,16.84283724774835,6550958
2025-04-15 02:00:00,16.953340530395508,17.02240698801043,16.69549441259051,16.70470339070136,6406076
2025-04-16 02:00:00,17.224998474121094,17.248020040161936,16.911900257953498,17.119097865186895,8212977
2025-04-17 02:00:00,17.192768096923828,17.28025075129964,17.109889053227622,17.17435014133958,4725656
2025-04-22 02:00:00,17.399967193603516,17.422988761835374,17.225000113461885,17.266439638852454,6880090
2025-04-23 02:00:00,17.28485679626465,17.464427479170933,17.10528611335836,17.464427479170933,8170335
2025-04-24 02:00:00,17.224998474121094,17.478239213436176,17.151328408930652,17.432196081354487,7486423
2025-04-25 02:00:00,17.424999237060547,17.4950008392334,17.260000228881836,17.299999237060547,8139677
2025-04-28 02:00:00,17.55500030517578,17.690000534057617,17.46500015258789,17.510000228881836,6890454
2025-04-29 02:00:00,17.844999313354492,17.940000534057617,17.559999465942383,17.559999465942383,5886462
2025-04-30 02:00:00,18.184999465942383,18.184999465942383,17.860000610351562,17.920000076293945,7631684
2025-05-02 02:00:00,18.114999771118164,18.260000228881836,17.969999313354492,18.190000534057617,5660791
2025-05-05 02:00:00,18.145000457763672,18.190000534057617,18.0,18.094999313354492,3647664
2025-05-06 02:00:00,18.315000534057617,18.344999313354492,18.174999237060547,18.200000762939453,4632382
2025-05-07 02:00:00,18.395000457763672,18.40999984741211,18.295000076293945,18.399999618530273,5254414
2025-05-08 02:00:00,18.03499984741211,18.309999465942383,18.03499984741211,18.295000076293945,5076024
2025-05-09 02:00:00,17.9950008392334,18.18000030517578,17.954999923706055,18.079999923706055,2977329
2025-05-12 02:00:00,17.674999237060547,18.09000015258789,17.575000762939453,18.014999389648438,5740804
2025-05-13 02:00:00,17.625,17.790000915527344,17.604999542236328,17.674999237060547,4336809
2025-05-14 02:00:00,17.670000076293945,17.764999389648438,17.375,17.559999465942383,5593267
2025-05-15 02:00:00,18.299999237060547,18.434999465942383,17.600000381469727,18.059999465942383,9895314
2025-05-16 02:00:00,18.3700008392334,18.485000610351562,18.280000686645508,18.440000534057617,5625698
2025-05-19 02:00:00,18.44499969482422,18.549999237060547,18.344999313354492,18.5,5738344
2025-05-20 02:00:00,18.815000534057617,18.815000534057617,18.549999237060547,18.559999465942383,5136615
2025-05-21 02:00:00,18.81999969482422,18.885000228881836,18.704999923706055,18.799999237060547,4238753
2025-05-22 02:00:00,18.940000534057617,18.94499969482422,18.725000381469727,18.790000915527344,5482805
2025-05-23 02:00:00,18.969999313354492,18.969999313354492,18.7549991607666,18.920000076293945,6050790
2025-05-26 02:00:00,19.045000076293945,19.114999771118164,18.950000762939453,18.954999923706055,3482139
2025-05-27 02:00:00,18.915000915527344,19.09000015258789,18.915000915527344,19.045000076293945,3623562
2025-05-28 02:00:00,18.989999771118164,19.09000015258789,18.915000915527344,18.959999084472656,4080357
2025-05-29 02:00:00,18.895000457763672,18.979999542236328,18.774999618530273,18.864999771118164,2609753
2025-05-30 02:00:00,18.985000610351562,19.049999237060547,18.90999984741211,19.020000457763672,6613057
2025-06-02 02:00:00,19.139999389648438,19.139999389648438,18.917499542236328,19.06999969482422,4277313
2025-06-03 02:00:00,19.065000534057617,19.229999542236328,19.03499984741211,19.204999923706055,4261027
2025-06-04 02:00:00,18.934999465942383,19.155000686645508,18.934999465942383,19.149999618530273,3610711
2025-06-05 02:00:00,19.295000076293945,19.299999237060547,18.940000534057617,19.145000457763672,4776008
2025-06-06 02:00:00,19.145000457763672,19.350000381469727,19.075000762939453,19.34000015258789,3718441
2025-06-09 02:00:00,19.139999389648438,19.229999542236328,19.03499984741211,19.19499969482422,1856946
2025-06-10 02:00:00,19.114999771118164,19.19499969482422,18.950000762939453,19.19499969482422,4800363
2025-06-11 02:00:00,19.334999084472656,19.334999084472656,19.06999969482422,19.139999389648438,4174462
2025-06-12 02:00:00,19.625,19.635000228881836,19.309999465942383,19.360000610351562,4795984
2025-06-13 02:00:00,19.875,19.94499969482422,19.614999771118164,19.645000457763672,7215760
2025-06-16 02:00:00,19.78499984741211,20.030000686645508,19.7549991607666,19.809999465942383,7151978
2025-06-17 02:00:00,19.514999389648438,19.6200008392334,19.28499984741211,19.584999084472656,5955946
2025-06-18 02:00:00,19.649999618530273,19.739999771118164,19.55500030517578,19.635000228881836,4060377
2025-06-19 02:00:00,19.520000457763672,19.670000076293945,19.4950008392334,19.6200008392334,2708499
2025-06-20 02:00:00,19.549999237060547,19.579999923706055,19.440000534057617,19.549999237060547,8244183
2025-06-23 02:00:00,19.735000610351562,19.81999969482422,19.459999084472656,19.4950008392334,3273994
2025-06-24 02:00:00,19.704999923706055,19.844999313354492,19.239999771118164,19.2549991607666,4337999
2025-06-25 02:00:00,19.7450008392334,19.834999084472656,19.670000076293945,19.71500015258789,3634478
2025-06-26 02:00:00,19.81999969482422,19.940000534057617,19.780000686645508,19.78499984741211,3717650
2025-06-27 02:00:00,19.81999969482422,19.9950008392334,19.7450008392334,19.799999237060547,3852548
2025-06-30 02:00:00,19.924999237060547,20.0,19.764999389648438,20.0,4223284
2025-07-01 02:00:00,19.9950008392334,20.139999389648438,19.915000915527344,20.0,3422673
2025-07-02 02:00:00,19.940000534057617,20.100000381469727,19.860000610351562,19.9950008392334,3699934
2025-07-03 02:00:00,19.489999771118164,19.895000457763672,19.40999984741211,19.829999923706055,5134151
2025-07-04 02:00:00,19.834999084472656,19.854999542236328,19.469999313354492,19.575000762939453,4123409
2025-07-07 02:00:00,19.735000610351562,19.854999542236328,19.665000915527344,19.850000381469727,2465791
2025-07-08 02:00:00,19.65999984741211,19.889999389648438,19.575000762939453,19.799999237060547,4413969
2025-07-09 02:00:00,19.780000686645508,19.799999237060547,19.594999313354492,19.649999618530273,4338199
2025-07-10 02:00:00,19.475000381469727,19.889999389648438,19.469999313354492,19.829999923706055,3466388
2025-07-11 02:00:00,19.670000076293945,19.670000076293945,19.530000686645508,19.559999465942383,2631547
2025-07-14 02:00:00,19.725000381469727,19.78499984741211,19.635000228881836,19.760000228881836,4771781
2025-07-15 02:00:00,19.489999771118164,19.81999969482422,19.459999084472656,19.799999237060547,4035145
2025-07-16 02:00:00,19.389999389648438,19.579999923706055,19.3799991607666,19.559999465942383,2691544
2025-07-17 02:00:00,19.375,19.440000534057617,19.25,19.299999237060547,3015590
2025-07-18 02:00:00,19.475000381469727,19.530000686645508,19.360000610351562,19.399999618530273,2703335
2025-07-21 02:00:00,19.639999389648438,19.639999389648438,19.459999084472656,19.575000762939453,2633399
2025-07-22 02:00:00,20.020000457763672,20.020000457763672,19.655000686645508,19.75,3906635
2025-07-23 02:00:00,19.59000015258789,19.989999771118164,19.59000015258789,19.969999313354492,5116237
2025-07-24 02:00:00,19.645000457763672,19.709999084472656,19.489999771118164,19.489999771118164,3318930
2025-07-25 02:00:00,19.665000915527344,19.719999313354492,19.520000457763672,19.684999465942383,2320812
2025-07-28 02:00:00,19.600000381469727,19.69499969482422,19.559999465942383,19.649999618530273,2297637
2025-07-29 02:00:00,19.56999969482422,19.760000228881836,19.55500030517578,19.600000381469727,3481216
2025-07-30 02:00:00,19.655000686645508,19.670000076293945,19.514999389648438,19.584999084472656,3573247
2025-07-31 02:00:00,19.6200008392334,19.725000381469727,19.540000915527344,19.725000381469727,5205275
2025-08-01 02:00:00,19.139999389648438,19.264999389648438,17.989999771118164,18.540000915527344,7046448
2025-08-04 02:00:00,19.05500030517578,19.25,18.985000610351562,19.139999389648438,4649720
2025-08-05 02:00:00,19.045000076293945,19.19499969482422,18.96500015258789,19.145000457763672,3976867
2025-08-06 02:00:00,19.174999237060547,19.329999923706055,19.014999389648438,19.014999389648438,3620923
2025-08-07 02:00:00,18.834999084472656,19.135000228881836,18.780000686645508,19.104999542236328,3964296
2025-08-08 02:00:00,18.649999618530273,18.9950008392334,18.649999618530273,18.899999618530273,4510482
2025-08-11 02:00:00,18.795000076293945,18.795000076293945,18.610000610351562,18.69499969482422,2617305
2025-08-12 02:00:00,18.665000915527344,18.90999984741211,18.649999618530273,18.815000534057617,3329721
2025-08-13 02:00:00,18.700000762939453,18.825000762939453,18.670000076293945,18.770000457763672,4248243
2025-08-14 02:00:00,18.645000457763672,18.75,18.514999389648438,18.71500015258789,3589802
2025-08-15 02:00:00,18.90999984741211,18.90999984741211,18.614999771118164,18.6200008392334,3875993
2025-08-18 02:00:00,18.6200008392334,19.045000076293945,18.6200008392334,19.0049991607666,3482655
2025-08-19 02:00:00,18.6200008392334,18.81999969482422,18.6200008392334,18.684999465942383,3595142
2025-08-20 02:00:00,18.905000686645508,18.93000030517578,18.59000015258789,18.704999923706055,3528109
2025-08-21 02:00:00,18.895000457763672,18.920000076293945,18.809999465942383,18.885000228881836,2958498
2025-08-22 02:00:00,18.770000457763672,18.905000686645508,18.770000457763672,18.875,2816030
2025-08-25 02:00:00,18.325000762939453,18.719999313354492,18.21500015258789,18.71500015258789,4260066
2025-08-26 02:00:00,17.979999542236328,18.19499969482422,17.790000915527344,18.184999465942383,9404239
2025-08-27 02:00:00,17.860000610351562,18.114999771118164,17.844999313354492,18.030000686645508,3789257
2025-08-28 02:00:00,17.799999237060547,18.0,17.65999984741211,17.924999237060547,3806179
2025-08-29 02:00:00,17.690000534057617,17.790000915527344,17.559999465942383,17.719999313354492,4567813
2025-09-01 02:00:00,17.614999771118164,17.760000228881836,17.545000076293945,17.704999923706055,2695605
2025-09-02 02:00:00,17.354999542236328,17.600000381469727,17.282499313354492,17.59000015258789,5640815
2025-09-03 02:00:00,17.56999969482422,17.56999969482422,17.200000762939453,17.344999313354492,4764988
2025-09-04 02:00:00,17.639999389648438,17.780000686645508,17.53499984741211,17.559999465942383,2924157
2025-09-05 02:00:00,17.639999389648438,17.739999771118164,17.579999923706055,17.68000030517578,2897740
2025-09-08 02:00:00,17.774999618530273,17.790000915527344,17.610000610351562,17.655000686645508,2950899
2025-09-09 02:00:00,17.780000686645508,17.8799991607666,17.71500015258789,17.764999389648438,3893455
2025-09-10 02:00:00,17.93000030517578,17.969999313354492,17.7450008392334,17.81999969482422,3066468
2025-09-11 02:00:00,18.09000015258789,18.190000534057617,17.934999465942383,17.979999542236328,4895553
2025-09-12 02:00:00,18.200000762939453,18.239999771118164,18.040000915527344,18.135000228881836,3261385
2025-09-15 02:00:00,18.405000686645508,18.450000762939453,18.174999237060547,18.280000686645508,3294237
2025-09-16 02:00:00,18.040000915527344,18.399999618530273,18.03499984741211,18.399999618530273,4104133
2025-09-17 02:00:00,17.875,18.03499984741211,17.864999771118164,17.940000534057617,3865775
2025-09-18 02:00:00,17.84000015258789,18.0,17.795000076293945,17.899999618530273,3484013
2025-09-19 02:00:00,17.8799991607666,17.96500015258789,17.809999465942383,17.809999465942383,7566360
2025-09-22 02:00:00,18.155000686645508,18.155000686645508,17.899999618530273,17.915000915527344,2456956
2025-09-23 02:00:00,18.05500030517578,18.325000762939453,18.05500030517578,18.274999618530273,2563867
2025-09-24 02:00:00,18.094999313354492,18.270000457763672,18.010000228881836,18.200000762939453,2748212
2025-09-25 02:00:00,18.15999984741211,18.2549991607666,17.969999313354492,18.014999389648438,3174078
2025-09-26 02:00:00,18.290000915527344,18.325000762939453,18.165000915527344,18.239999771118164,2696553
2025-09-29 02:00:00,18.225000381469727,18.34000015258789,18.104999542236328,18.31999969482422,2629672
2025-09-30 02:00:00,18.2549991607666,18.325000762939453,18.084999084472656,18.225000381469727,4399781
2025-10-01 02:00:00,18.655000686645508,18.725000381469727,18.385000228881836,18.5049991607666,4803580
2025-10-02 02:00:00,18.594999313354492,18.6299991607666,18.44499969482422,18.610000610351562,3791411
2025-10-03 02:00:00,18.71500015258789,18.735000610351562,18.4950008392334,18.674999237060547,3417491
2025-10-06 02:00:00,18.334999084472656,18.6299991607666,17.78499984741211,18.6299991607666,6672789
2025-10-07 02:00:00,18.46500015258789,18.5,18.184999465942383,18.450000762939453,3093733
2025-10-08 02:00:00,18.530000686645508,18.71500015258789,18.44499969482422,18.5,4560339
2025-10-09 02:00:00,18.8799991607666,18.93000030517578,18.530000686645508,18.59000015258789,3584984
2025-10-10 02:00:00,18.920000076293945,19.030000686645508,18.895000457763672,18.920000076293945,4046476
2025-10-13 02:00:00,19.0049991607666,19.065000534057617,18.895000457763672,19.0,2678695
2025-10-14 02:00:00,19.104999542236328,19.18000030517578,18.96500015258789,18.9950008392334,3960654
2025-10-15 02:00:00,19.315000534057617,19.385000228881836,19.204999923706055,19.229999542236328,4179712
2025-10-16 02:00:00,19.725000381469727,19.760000228881836,19.28499984741211,19.34000015258789,4718953
2025-10-17 02:00:00,19.655000686645508,19.700000762939453,19.475000381469727,19.600000381469727,4197729
2025-10-20 02:00:00,19.575000762939453,19.684999465942383,19.489999771118164,19.604999542236328,3070411
2025-10-21 02:00:00,19.530000686645508,19.815000534057617,19.524999618530273,19.625,3371272
2025-10-22 02:00:00,19.559999465942383,19.739999771118164,19.420000076293945,19.610000610351562,3273533
2025-10-23 02:00:00,19.799999237060547,19.829999923706055,19.5,19.549999237060547,3761783
2025-10-24 02:00:00,19.69499969482422,19.770000457763672,19.479999542236328,19.704999923706055,3997839
2025-10-27 01:00:00,19.639999389648438,19.7549991607666,19.459999084472656,19.610000610351562,3778107
2025-10-28 01:00:00,19.80500030517578,19.815000534057617,19.584999084472656,19.709999084472656,3643815
2025-10-29 01:00:00,20.1200008392334,20.1299991607666,19.690000534057617,19.815000534057617,4020520
2025-10-30 01:00:00,20.350000381469727,20.360000610351562,20.030000686645508,20.1299991607666,6674584
2025-10-31 01:00:00,20.299999237060547,20.469999313354492,20.260000228881836,20.3799991607666,5088842
2025-11-03 01:00:00,20.600000381469727,20.649999618530273,20.270000457763672,20.270000457763672,4828177
2025-11-04 01:00:00,20.81999969482422,20.8700008392334,20.40999984741211,20.469999313354492,5822787
2025-11-05 01:00:00,20.950000762939453,21.049999237060547,20.770000457763672,20.770000457763672,5207575
2025-11-06 01:00:00,21.350000381469727,21.600000381469727,20.84000015258789,21.200000762939453,7417320
2025-11-07 01:00:00,21.170000076293945,21.489999771118164,21.06999969482422,21.440000534057617,4554641
2025-11-10 01:00:00,21.18000030517578,21.280000686645508,21.010000228881836,21.170000076293945,4103946
2025-11-11 01:00:00,21.270000457763672,21.389999389648438,21.100000381469727,21.290000915527344,4043991
2025-11-12 01:00:00,21.670000076293945,21.739999771118164,21.329999923706055,21.329999923706055,5215477
2025-11-13 01:00:00,21.93000030517578,22.059999465942383,21.690000534057617,21.729999542236328,4299886
2025-11-14 01:00:00,21.799999237060547,22.040000915527344,21.670000076293945,22.040000915527344,4762219
2025-11-17 01:00:00,22.059999465942383,22.100000381469727,21.729999542236328,21.75,3964852
2025-11-18 01:00:00,21.950000762939453,21.959999084472656,21.729999542236328,21.799999237060547,4579021
2025-11-19 01:00:00,21.579999923706055,21.8700008392334,21.520000457763672,21.829999923706055,5511767
2025-11-20 01:00:00,21.770000457763672,21.889999389648438,21.6200008392334,21.65999984741211,3573098
2025-11-21 01:00:00,21.6200008392334,21.729999542236328,21.459999084472656,21.700000762939453,5386234
2025-11-24 01:00:00,21.59000015258789,21.719999313354492,21.459999084472656,21.649999618530273,8367860
2025-11-25 01:00:00,21.649999618530273,21.940000534057617,21.479999542236328,21.850000381469727,4656500
2025-11-26 01:00:00,21.829999923706055,21.829999923706055,21.360000610351562,21.530000686645508,5721487
2025-11-27 01:00:00,21.75,21.8799991607666,21.700000762939453,21.860000610351562,2618912
2025-11-28 01:00:00,21.899999618530273,21.899999618530273,21.540000915527344,21.709999084472656,3059593
2025-12-01 01:00:00,21.700000762939453,21.989999771118164,21.700000762939453,21.790000915527344,3820208
2025-12-02 01:00:00,21.6200008392334,21.8700008392334,21.6200008392334,21.799999237060547,3576053
